"filename", "language", "XML", "JSON", "C#", "Swift", "YAML", "Properties", "Gradle", "C++", "HTML", "Dart", "Markdown", "Docker", "comment", "blank", "total"
"c:\Projetos\weather-tracking\Api\Dockerfile", "Docker", 0, 0, 0, 0, 0, 0, 0, 0, 0, 0, 0, 14, 4, 7, 25
"c:\Projetos\weather-tracking\Api\Ivertion.Domain.Tests\Ivertion.Domain.Tests.csproj", "XML", 18, 0, 0, 0, 0, 0, 0, 0, 0, 0, 0, 0, 0, 6, 24
"c:\Projetos\weather-tracking\Api\Ivertion.Domain.Tests\UnitTest1.cs", "C#", 0, 0, 11, 0, 0, 0, 0, 0, 0, 0, 0, 0, 0, 0, 11
"c:\Projetos\weather-tracking\Api\README.md", "Markdown", 0, 0, 0, 0, 0, 0, 0, 0, 0, 0, 93, 0, 0, 54, 147
"c:\Projetos\weather-tracking\Api\iVertion.Application\DTOs\AdditionalUserRoleDTO.cs", "C#", 0, 0, 16, 0, 0, 0, 0, 0, 0, 0, 0, 0, 0, 2, 18
"c:\Projetos\weather-tracking\Api\iVertion.Application\DTOs\AddressDTO.cs", "C#", 0, 0, 17, 0, 0, 0, 0, 0, 0, 0, 0, 0, 0, 2, 19
"c:\Projetos\weather-tracking\Api\iVertion.Application\DTOs\BaseDTO.cs", "C#", 0, 0, 18, 0, 0, 0, 0, 0, 0, 0, 0, 0, 0, 2, 20
"c:\Projetos\weather-tracking\Api\iVertion.Application\DTOs\BaseHistoryDTO.cs", "C#", 0, 0, 16, 0, 0, 0, 0, 0, 0, 0, 0, 0, 0, 1, 17
"c:\Projetos\weather-tracking\Api\iVertion.Application\DTOs\CityDTO.cs", "C#", 0, 0, 16, 0, 0, 0, 0, 0, 0, 0, 0, 0, 0, 2, 18
"c:\Projetos\weather-tracking\Api\iVertion.Application\DTOs\CountryDTO.cs", "C#", 0, 0, 21, 0, 0, 0, 0, 0, 0, 0, 0, 0, 0, 2, 23
"c:\Projetos\weather-tracking\Api\iVertion.Application\DTOs\DeviceDTO.cs", "C#", 0, 0, 20, 0, 0, 0, 0, 0, 0, 0, 0, 0, 0, 2, 22
"c:\Projetos\weather-tracking\Api\iVertion.Application\DTOs\PagedBaseResponseDTO.cs", "C#", 0, 0, 14, 0, 0, 0, 0, 0, 0, 0, 0, 0, 0, 1, 15
"c:\Projetos\weather-tracking\Api\iVertion.Application\DTOs\PersonAddressDTO.cs", "C#", 0, 0, 14, 0, 0, 0, 0, 0, 0, 0, 0, 0, 0, 2, 16
"c:\Projetos\weather-tracking\Api\iVertion.Application\DTOs\PersonDTO.cs", "C#", 0, 0, 25, 0, 0, 0, 0, 0, 0, 0, 0, 0, 0, 2, 27
"c:\Projetos\weather-tracking\Api\iVertion.Application\DTOs\RoleProfileDTO.cs", "C#", 0, 0, 16, 0, 0, 0, 0, 0, 0, 0, 0, 0, 0, 2, 18
"c:\Projetos\weather-tracking\Api\iVertion.Application\DTOs\StateDTO.cs", "C#", 0, 0, 21, 0, 0, 0, 0, 0, 0, 0, 0, 0, 0, 2, 23
"c:\Projetos\weather-tracking\Api\iVertion.Application\DTOs\TemporaryUserRoleDTO.cs", "C#", 0, 0, 22, 0, 0, 0, 0, 0, 0, 0, 0, 0, 0, 5, 27
"c:\Projetos\weather-tracking\Api\iVertion.Application\DTOs\UserProfileDTO.cs", "C#", 0, 0, 18, 0, 0, 0, 0, 0, 0, 0, 0, 0, 0, 1, 19
"c:\Projetos\weather-tracking\Api\iVertion.Application\DTOs\WeatherAlertDTO.cs", "C#", 0, 0, 23, 0, 0, 0, 0, 0, 0, 0, 0, 0, 0, 2, 25
"c:\Projetos\weather-tracking\Api\iVertion.Application\DTOs\WeatherConditionDTO.cs", "C#", 0, 0, 53, 0, 0, 0, 0, 0, 0, 0, 0, 0, 0, 2, 55
"c:\Projetos\weather-tracking\Api\iVertion.Application\DTOs\WeatherForecastDTO.cs", "C#", 0, 0, 35, 0, 0, 0, 0, 0, 0, 0, 0, 0, 0, 2, 37
"c:\Projetos\weather-tracking\Api\iVertion.Application\DTOs\WeatherNotificationDTO.cs", "C#", 0, 0, 26, 0, 0, 0, 0, 0, 0, 0, 0, 0, 0, 2, 28
"c:\Projetos\weather-tracking\Api\iVertion.Application\Interfaces\IAdditionalUserRoleService.cs", "C#", 0, 0, 14, 0, 0, 0, 0, 0, 0, 0, 0, 0, 0, 1, 15
"c:\Projetos\weather-tracking\Api\iVertion.Application\Interfaces\IAddressService.cs", "C#", 0, 0, 14, 0, 0, 0, 0, 0, 0, 0, 0, 0, 0, 2, 16
"c:\Projetos\weather-tracking\Api\iVertion.Application\Interfaces\ICityService.cs", "C#", 0, 0, 14, 0, 0, 0, 0, 0, 0, 0, 0, 0, 0, 2, 16
"c:\Projetos\weather-tracking\Api\iVertion.Application\Interfaces\ICountryService.cs", "C#", 0, 0, 14, 0, 0, 0, 0, 0, 0, 0, 0, 0, 0, 2, 16
"c:\Projetos\weather-tracking\Api\iVertion.Application\Interfaces\IPersonAddressService.cs", "C#", 0, 0, 14, 0, 0, 0, 0, 0, 0, 0, 0, 0, 0, 2, 16
"c:\Projetos\weather-tracking\Api\iVertion.Application\Interfaces\IPersonService.cs", "C#", 0, 0, 14, 0, 0, 0, 0, 0, 0, 0, 0, 0, 0, 2, 16
"c:\Projetos\weather-tracking\Api\iVertion.Application\Interfaces\IRoleProfileService.cs", "C#", 0, 0, 14, 0, 0, 0, 0, 0, 0, 0, 0, 0, 0, 1, 15
"c:\Projetos\weather-tracking\Api\iVertion.Application\Interfaces\IStateService.cs", "C#", 0, 0, 14, 0, 0, 0, 0, 0, 0, 0, 0, 0, 0, 2, 16
"c:\Projetos\weather-tracking\Api\iVertion.Application\Interfaces\ITemporaryUserRoleService.cs", "C#", 0, 0, 14, 0, 0, 0, 0, 0, 0, 0, 0, 0, 0, 2, 16
"c:\Projetos\weather-tracking\Api\iVertion.Application\Interfaces\IUserProfileService.cs", "C#", 0, 0, 14, 0, 0, 0, 0, 0, 0, 0, 0, 0, 0, 1, 15
"c:\Projetos\weather-tracking\Api\iVertion.Application\Mappings\DomainToDTOMappingProfile.cs", "C#", 0, 0, 22, 0, 0, 0, 0, 0, 0, 0, 0, 0, 3, 4, 29
"c:\Projetos\weather-tracking\Api\iVertion.Application\Services\AdditionalUserRoleService.cs", "C#", 0, 0, 54, 0, 0, 0, 0, 0, 0, 0, 0, 0, 0, 7, 61
"c:\Projetos\weather-tracking\Api\iVertion.Application\Services\AddressService.cs", "C#", 0, 0, 54, 0, 0, 0, 0, 0, 0, 0, 0, 0, 0, 7, 61
"c:\Projetos\weather-tracking\Api\iVertion.Application\Services\CityService.cs", "C#", 0, 0, 54, 0, 0, 0, 0, 0, 0, 0, 0, 0, 0, 7, 61
"c:\Projetos\weather-tracking\Api\iVertion.Application\Services\CountryService.cs", "C#", 0, 0, 54, 0, 0, 0, 0, 0, 0, 0, 0, 0, 0, 7, 61
"c:\Projetos\weather-tracking\Api\iVertion.Application\Services\PersonAddressService.cs", "C#", 0, 0, 54, 0, 0, 0, 0, 0, 0, 0, 0, 0, 0, 7, 61
"c:\Projetos\weather-tracking\Api\iVertion.Application\Services\PersonService.cs", "C#", 0, 0, 54, 0, 0, 0, 0, 0, 0, 0, 0, 0, 0, 10, 64
"c:\Projetos\weather-tracking\Api\iVertion.Application\Services\ResultService.cs", "C#", 0, 0, 39, 0, 0, 0, 0, 0, 0, 0, 0, 0, 0, 4, 43
"c:\Projetos\weather-tracking\Api\iVertion.Application\Services\RoleProfileService.cs", "C#", 0, 0, 54, 0, 0, 0, 0, 0, 0, 0, 0, 0, 0, 7, 61
"c:\Projetos\weather-tracking\Api\iVertion.Application\Services\StateService.cs", "C#", 0, 0, 54, 0, 0, 0, 0, 0, 0, 0, 0, 0, 0, 7, 61
"c:\Projetos\weather-tracking\Api\iVertion.Application\Services\TemporaryUserRoleService.cs", "C#", 0, 0, 54, 0, 0, 0, 0, 0, 0, 0, 0, 0, 0, 9, 63
"c:\Projetos\weather-tracking\Api\iVertion.Application\Services\UserProfileService.cs", "C#", 0, 0, 54, 0, 0, 0, 0, 0, 0, 0, 0, 0, 0, 9, 63
"c:\Projetos\weather-tracking\Api\iVertion.Application\Validation\ErrorValidation.cs", "C#", 0, 0, 8, 0, 0, 0, 0, 0, 0, 0, 0, 0, 0, 0, 8
"c:\Projetos\weather-tracking\Api\iVertion.Application\iVertion.Application.csproj", "XML", 18, 0, 0, 0, 0, 0, 0, 0, 0, 0, 0, 0, 0, 7, 25
"c:\Projetos\weather-tracking\Api\iVertion.Domain.Testes\PersonUnitTest1.cs", "C#", 0, 0, 29, 0, 0, 0, 0, 0, 0, 0, 0, 0, 0, 1, 30
"c:\Projetos\weather-tracking\Api\iVertion.Domain.Testes\Usings.cs", "C#", 0, 0, 4, 0, 0, 0, 0, 0, 0, 0, 0, 0, 0, 0, 4
"c:\Projetos\weather-tracking\Api\iVertion.Domain.Testes\iVertion.Domain.Testes.csproj", "XML", 22, 0, 0, 0, 0, 0, 0, 0, 0, 0, 0, 0, 0, 6, 28
"c:\Projetos\weather-tracking\Api\iVertion.Domain\Account\IAuthenticate.cs", "C#", 0, 0, 19, 0, 0, 0, 0, 0, 0, 0, 0, 0, 0, 3, 22
"c:\Projetos\weather-tracking\Api\iVertion.Domain\Account\IGoogleAuthService.cs", "C#", 0, 0, 8, 0, 0, 0, 0, 0, 0, 0, 0, 0, 0, 1, 9
"c:\Projetos\weather-tracking\Api\iVertion.Domain\Account\IRoleInterface.cs", "C#", 0, 0, 12, 0, 0, 0, 0, 0, 0, 0, 0, 0, 0, 1, 13
"c:\Projetos\weather-tracking\Api\iVertion.Domain\Account\ISeedUserRoleInitial.cs", "C#", 0, 0, 12, 0, 0, 0, 0, 0, 0, 0, 0, 0, 0, 1, 13
"c:\Projetos\weather-tracking\Api\iVertion.Domain\Account\IUserInterface.cs", "C#", 0, 0, 20, 0, 0, 0, 0, 0, 0, 0, 0, 0, 3, 6, 29
"c:\Projetos\weather-tracking\Api\iVertion.Domain\Entities\Address.cs", "C#", 0, 0, 62, 0, 0, 0, 0, 0, 0, 0, 0, 0, 0, 7, 69
"c:\Projetos\weather-tracking\Api\iVertion.Domain\Entities\AddtionalUserRole.cs", "C#", 0, 0, 51, 0, 0, 0, 0, 0, 0, 0, 0, 0, 0, 4, 55
"c:\Projetos\weather-tracking\Api\iVertion.Domain\Entities\City.cs", "C#", 0, 0, 55, 0, 0, 0, 0, 0, 0, 0, 0, 0, 0, 5, 60
"c:\Projetos\weather-tracking\Api\iVertion.Domain\Entities\Country.cs", "C#", 0, 0, 67, 0, 0, 0, 0, 0, 0, 0, 0, 0, 0, 4, 71
"c:\Projetos\weather-tracking\Api\iVertion.Domain\Entities\Device.cs", "C#", 0, 0, 67, 0, 0, 0, 0, 0, 0, 0, 0, 0, 0, 9, 76
"c:\Projetos\weather-tracking\Api\iVertion.Domain\Entities\Entity.cs", "C#", 0, 0, 18, 0, 0, 0, 0, 0, 0, 0, 0, 0, 0, 2, 20
"c:\Projetos\weather-tracking\Api\iVertion.Domain\Entities\EntityHistory.cs", "C#", 0, 0, 17, 0, 0, 0, 0, 0, 0, 0, 0, 0, 0, 1, 18
"c:\Projetos\weather-tracking\Api\iVertion.Domain\Entities\PaymentMethod.cs", "C#", 0, 0, 40, 0, 0, 0, 0, 0, 0, 0, 0, 0, 0, 4, 44
"c:\Projetos\weather-tracking\Api\iVertion.Domain\Entities\Person.cs", "C#", 0, 0, 52, 0, 0, 0, 0, 0, 0, 0, 0, 0, 5, 11, 68
"c:\Projetos\weather-tracking\Api\iVertion.Domain\Entities\PersonAddress.cs", "C#", 0, 0, 49, 0, 0, 0, 0, 0, 0, 0, 0, 0, 0, 5, 54
"c:\Projetos\weather-tracking\Api\iVertion.Domain\Entities\PersonPhoneNumber.cs", "C#", 0, 0, 49, 0, 0, 0, 0, 0, 0, 0, 0, 0, 0, 4, 53
"c:\Projetos\weather-tracking\Api\iVertion.Domain\Entities\PhoneNumber.cs", "C#", 0, 0, 8, 0, 0, 0, 0, 0, 0, 0, 0, 0, 0, 1, 9
"c:\Projetos\weather-tracking\Api\iVertion.Domain\Entities\RoleProfile.cs", "C#", 0, 0, 52, 0, 0, 0, 0, 0, 0, 0, 0, 0, 0, 6, 58
"c:\Projetos\weather-tracking\Api\iVertion.Domain\Entities\State.cs", "C#", 0, 0, 67, 0, 0, 0, 0, 0, 0, 0, 0, 0, 0, 4, 71
"c:\Projetos\weather-tracking\Api\iVertion.Domain\Entities\TemporaryUserRole.cs", "C#", 0, 0, 71, 0, 0, 0, 0, 0, 0, 0, 0, 0, 0, 6, 77
"c:\Projetos\weather-tracking\Api\iVertion.Domain\Entities\UserProfile.cs", "C#", 0, 0, 56, 0, 0, 0, 0, 0, 0, 0, 0, 0, 0, 6, 62
"c:\Projetos\weather-tracking\Api\iVertion.Domain\Entities\WeatherAlert.cs", "C#", 0, 0, 74, 0, 0, 0, 0, 0, 0, 0, 0, 0, 0, 8, 82
"c:\Projetos\weather-tracking\Api\iVertion.Domain\Entities\WeatherCondition.cs", "C#", 0, 0, 127, 0, 0, 0, 0, 0, 0, 0, 0, 0, 0, 8, 135
"c:\Projetos\weather-tracking\Api\iVertion.Domain\Entities\WeatherForecast.cs", "C#", 0, 0, 101, 0, 0, 0, 0, 0, 0, 0, 0, 0, 0, 6, 107
"c:\Projetos\weather-tracking\Api\iVertion.Domain\Entities\WeatherNotification.cs", "C#", 0, 0, 83, 0, 0, 0, 0, 0, 0, 0, 0, 0, 0, 5, 88
"c:\Projetos\weather-tracking\Api\iVertion.Domain\FiltersDb\AdditionalUserRoleFilterDb.cs", "C#", 0, 0, 10, 0, 0, 0, 0, 0, 0, 0, 0, 0, 0, 1, 11
"c:\Projetos\weather-tracking\Api\iVertion.Domain\FiltersDb\AddressFilterDb.cs", "C#", 0, 0, 11, 0, 0, 0, 0, 0, 0, 0, 0, 0, 0, 2, 13
"c:\Projetos\weather-tracking\Api\iVertion.Domain\FiltersDb\CityFilterDb.cs", "C#", 0, 0, 10, 0, 0, 0, 0, 0, 0, 0, 0, 0, 0, 2, 12
"c:\Projetos\weather-tracking\Api\iVertion.Domain\FiltersDb\CountryFilterDb.cs", "C#", 0, 0, 11, 0, 0, 0, 0, 0, 0, 0, 0, 0, 0, 2, 13
"c:\Projetos\weather-tracking\Api\iVertion.Domain\FiltersDb\DeviceFilterDb.cs", "C#", 0, 0, 11, 0, 0, 0, 0, 0, 0, 0, 0, 0, 0, 2, 13
"c:\Projetos\weather-tracking\Api\iVertion.Domain\FiltersDb\PaymentMethodFilterDb.cs", "C#", 0, 0, 9, 0, 0, 0, 0, 0, 0, 0, 0, 0, 0, 2, 11
"c:\Projetos\weather-tracking\Api\iVertion.Domain\FiltersDb\PersonAddressFilterDb.cs", "C#", 0, 0, 9, 0, 0, 0, 0, 0, 0, 0, 0, 0, 0, 2, 11
"c:\Projetos\weather-tracking\Api\iVertion.Domain\FiltersDb\PersonFilterDb.cs", "C#", 0, 0, 11, 0, 0, 0, 0, 0, 0, 0, 0, 0, 1, 2, 14
"c:\Projetos\weather-tracking\Api\iVertion.Domain\FiltersDb\RoleProfileFilterDb.cs", "C#", 0, 0, 10, 0, 0, 0, 0, 0, 0, 0, 0, 0, 0, 1, 11
"c:\Projetos\weather-tracking\Api\iVertion.Domain\FiltersDb\StateFilterDb.cs", "C#", 0, 0, 11, 0, 0, 0, 0, 0, 0, 0, 0, 0, 0, 2, 13
"c:\Projetos\weather-tracking\Api\iVertion.Domain\FiltersDb\TemporaryUserRoleFilterDb.cs", "C#", 0, 0, 12, 0, 0, 0, 0, 0, 0, 0, 0, 0, 0, 2, 14
"c:\Projetos\weather-tracking\Api\iVertion.Domain\FiltersDb\UserProfileFilterDb.cs", "C#", 0, 0, 10, 0, 0, 0, 0, 0, 0, 0, 0, 0, 0, 1, 11
"c:\Projetos\weather-tracking\Api\iVertion.Domain\FiltersDb\WeatherAlertFilterDb.cs", "C#", 0, 0, 13, 0, 0, 0, 0, 0, 0, 0, 0, 0, 0, 2, 15
"c:\Projetos\weather-tracking\Api\iVertion.Domain\FiltersDb\WeatherConditionFilterDb.cs", "C#", 0, 0, 13, 0, 0, 0, 0, 0, 0, 0, 0, 0, 0, 2, 15
"c:\Projetos\weather-tracking\Api\iVertion.Domain\FiltersDb\WeatherForecastFilterDb.cs", "C#", 0, 0, 13, 0, 0, 0, 0, 0, 0, 0, 0, 0, 0, 2, 15
"c:\Projetos\weather-tracking\Api\iVertion.Domain\FiltersDb\WeatherNotificationFilterDb.cs", "C#", 0, 0, 16, 0, 0, 0, 0, 0, 0, 0, 0, 0, 0, 3, 19
"c:\Projetos\weather-tracking\Api\iVertion.Domain\Interfaces\IAdditionalUserRoleRepository.cs", "C#", 0, 0, 10, 0, 0, 0, 0, 0, 0, 0, 0, 0, 0, 1, 11
"c:\Projetos\weather-tracking\Api\iVertion.Domain\Interfaces\IAddressRepository.cs", "C#", 0, 0, 10, 0, 0, 0, 0, 0, 0, 0, 0, 0, 0, 1, 11
"c:\Projetos\weather-tracking\Api\iVertion.Domain\Interfaces\ICityRepository.cs", "C#", 0, 0, 10, 0, 0, 0, 0, 0, 0, 0, 0, 0, 0, 2, 12
"c:\Projetos\weather-tracking\Api\iVertion.Domain\Interfaces\ICountryRepository.cs", "C#", 0, 0, 10, 0, 0, 0, 0, 0, 0, 0, 0, 0, 0, 2, 12
"c:\Projetos\weather-tracking\Api\iVertion.Domain\Interfaces\IDeviceRepository.cs", "C#", 0, 0, 10, 0, 0, 0, 0, 0, 0, 0, 0, 0, 0, 2, 12
"c:\Projetos\weather-tracking\Api\iVertion.Domain\Interfaces\IPaymentMethodRepository.cs", "C#", 0, 0, 10, 0, 0, 0, 0, 0, 0, 0, 0, 0, 0, 2, 12
"c:\Projetos\weather-tracking\Api\iVertion.Domain\Interfaces\IPersonAddressRepository.cs", "C#", 0, 0, 10, 0, 0, 0, 0, 0, 0, 0, 0, 0, 0, 2, 12
"c:\Projetos\weather-tracking\Api\iVertion.Domain\Interfaces\IPersonRepository.cs", "C#", 0, 0, 10, 0, 0, 0, 0, 0, 0, 0, 0, 0, 0, 2, 12
"c:\Projetos\weather-tracking\Api\iVertion.Domain\Interfaces\IRepository.cs", "C#", 0, 0, 9, 0, 0, 0, 0, 0, 0, 0, 0, 0, 0, 2, 11
"c:\Projetos\weather-tracking\Api\iVertion.Domain\Interfaces\IRoleProfileRepository.cs", "C#", 0, 0, 10, 0, 0, 0, 0, 0, 0, 0, 0, 0, 0, 1, 11
"c:\Projetos\weather-tracking\Api\iVertion.Domain\Interfaces\IStateRepository.cs", "C#", 0, 0, 10, 0, 0, 0, 0, 0, 0, 0, 0, 0, 0, 2, 12
"c:\Projetos\weather-tracking\Api\iVertion.Domain\Interfaces\ITemporaryUserRoleRepository.cs", "C#", 0, 0, 10, 0, 0, 0, 0, 0, 0, 0, 0, 0, 0, 2, 12
"c:\Projetos\weather-tracking\Api\iVertion.Domain\Interfaces\IUserProfileRepository.cs", "C#", 0, 0, 10, 0, 0, 0, 0, 0, 0, 0, 0, 0, 0, 1, 11
"c:\Projetos\weather-tracking\Api\iVertion.Domain\Interfaces\IWeatherAlertRepository.cs", "C#", 0, 0, 10, 0, 0, 0, 0, 0, 0, 0, 0, 0, 0, 2, 12
"c:\Projetos\weather-tracking\Api\iVertion.Domain\Interfaces\IWeatherConditionRepository.cs", "C#", 0, 0, 10, 0, 0, 0, 0, 0, 0, 0, 0, 0, 0, 2, 12
"c:\Projetos\weather-tracking\Api\iVertion.Domain\Interfaces\IWeatherForecastRepository.cs", "C#", 0, 0, 10, 0, 0, 0, 0, 0, 0, 0, 0, 0, 0, 2, 12
"c:\Projetos\weather-tracking\Api\iVertion.Domain\Interfaces\IWeatherNotificationRepository.cs", "C#", 0, 0, 10, 0, 0, 0, 0, 0, 0, 0, 0, 0, 0, 2, 12
"c:\Projetos\weather-tracking\Api\iVertion.Domain\Interfaces\PagedBaseRequest.cs", "C#", 0, 0, 17, 0, 0, 0, 0, 0, 0, 0, 0, 0, 0, 0, 17
"c:\Projetos\weather-tracking\Api\iVertion.Domain\Interfaces\PagedBaseResponse.cs", "C#", 0, 0, 9, 0, 0, 0, 0, 0, 0, 0, 0, 0, 0, 1, 10
"c:\Projetos\weather-tracking\Api\iVertion.Domain\Validation\DomainExceptionValidation.cs", "C#", 0, 0, 14, 0, 0, 0, 0, 0, 0, 0, 0, 0, 0, 3, 17
"c:\Projetos\weather-tracking\Api\iVertion.Domain\Validation\IdentityValidation.cs", "C#", 0, 0, 109, 0, 0, 0, 0, 0, 0, 0, 0, 0, 11, 16, 136
"c:\Projetos\weather-tracking\Api\iVertion.Domain\iVertion.Domain.csproj", "XML", 11, 0, 0, 0, 0, 0, 0, 0, 0, 0, 0, 0, 0, 4, 15
"c:\Projetos\weather-tracking\Api\iVertion.Infra.Data\Context\ApplicationDbContext.cs", "C#", 0, 0, 32, 0, 0, 0, 0, 0, 0, 0, 0, 0, 5, 8, 45
"c:\Projetos\weather-tracking\Api\iVertion.Infra.Data\Context\DatabaseInitializer.cs", "C#", 0, 0, 23, 0, 0, 0, 0, 0, 0, 0, 0, 0, 2, 3, 28
"c:\Projetos\weather-tracking\Api\iVertion.Infra.Data\Context\IDatabaseInitializer.cs", "C#", 0, 0, 7, 0, 0, 0, 0, 0, 0, 0, 0, 0, 0, 0, 7
"c:\Projetos\weather-tracking\Api\iVertion.Infra.Data\EntitiesConfiguration\AdditionalUserRoleConfiguration.cs", "C#", 0, 0, 15, 0, 0, 0, 0, 0, 0, 0, 0, 0, 0, 2, 17
"c:\Projetos\weather-tracking\Api\iVertion.Infra.Data\EntitiesConfiguration\AddressConfiguration.cs", "C#", 0, 0, 13, 0, 0, 0, 0, 0, 0, 0, 0, 0, 0, 1, 14
"c:\Projetos\weather-tracking\Api\iVertion.Infra.Data\EntitiesConfiguration\CityConfiguration.cs", "C#", 0, 0, 43, 0, 0, 0, 0, 0, 0, 0, 0, 0, 0, 3, 46
"c:\Projetos\weather-tracking\Api\iVertion.Infra.Data\EntitiesConfiguration\CountryConfiguration.cs", "C#", 0, 0, 23, 0, 0, 0, 0, 0, 0, 0, 0, 0, 0, 2, 25
"c:\Projetos\weather-tracking\Api\iVertion.Infra.Data\EntitiesConfiguration\DeviceConfiguration.cs", "C#", 0, 0, 24, 0, 0, 0, 0, 0, 0, 0, 0, 0, 0, 3, 27
"c:\Projetos\weather-tracking\Api\iVertion.Infra.Data\EntitiesConfiguration\PersonAddressConfiguration.cs", "C#", 0, 0, 19, 0, 0, 0, 0, 0, 0, 0, 0, 0, 0, 2, 21
"c:\Projetos\weather-tracking\Api\iVertion.Infra.Data\EntitiesConfiguration\PersonConfiguration.cs", "C#", 0, 0, 25, 0, 0, 0, 0, 0, 0, 0, 0, 0, 0, 2, 27
"c:\Projetos\weather-tracking\Api\iVertion.Infra.Data\EntitiesConfiguration\RoleProfileConfiguration.cs", "C#", 0, 0, 28, 0, 0, 0, 0, 0, 0, 0, 0, 0, 0, 5, 33
"c:\Projetos\weather-tracking\Api\iVertion.Infra.Data\EntitiesConfiguration\StateConfiguration.cs", "C#", 0, 0, 31, 0, 0, 0, 0, 0, 0, 0, 0, 0, 0, 1, 32
"c:\Projetos\weather-tracking\Api\iVertion.Infra.Data\EntitiesConfiguration\TemporaryUserRoleConfiguration.cs", "C#", 0, 0, 17, 0, 0, 0, 0, 0, 0, 0, 0, 0, 0, 3, 20
"c:\Projetos\weather-tracking\Api\iVertion.Infra.Data\EntitiesConfiguration\UserProfileConfiguration.cs", "C#", 0, 0, 26, 0, 0, 0, 0, 0, 0, 0, 0, 0, 0, 3, 29
"c:\Projetos\weather-tracking\Api\iVertion.Infra.Data\EntitiesConfiguration\WeatherAlertConfiguration.cs", "C#", 0, 0, 23, 0, 0, 0, 0, 0, 0, 0, 0, 0, 0, 2, 25
"c:\Projetos\weather-tracking\Api\iVertion.Infra.Data\EntitiesConfiguration\WeatherConditionConfiguration.cs", "C#", 0, 0, 19, 0, 0, 0, 0, 0, 0, 0, 0, 0, 0, 2, 21
"c:\Projetos\weather-tracking\Api\iVertion.Infra.Data\EntitiesConfiguration\WeatherForecastConfiguration.cs", "C#", 0, 0, 19, 0, 0, 0, 0, 0, 0, 0, 0, 0, 0, 2, 21
"c:\Projetos\weather-tracking\Api\iVertion.Infra.Data\EntitiesConfiguration\WeatherNotificationConfiguration.cs", "C#", 0, 0, 25, 0, 0, 0, 0, 0, 0, 0, 0, 0, 0, 2, 27
"c:\Projetos\weather-tracking\Api\iVertion.Infra.Data\Identity\ApplicationUser.cs", "C#", 0, 0, 10, 0, 0, 0, 0, 0, 0, 0, 0, 0, 0, 2, 12
"c:\Projetos\weather-tracking\Api\iVertion.Infra.Data\Identity\AuthenticateService.cs", "C#", 0, 0, 51, 0, 0, 0, 0, 0, 0, 0, 0, 0, 0, 5, 56
"c:\Projetos\weather-tracking\Api\iVertion.Infra.Data\Identity\GoogleAuthService.cs", "C#", 0, 0, 64, 0, 0, 0, 0, 0, 0, 0, 0, 0, 2, 14, 80
"c:\Projetos\weather-tracking\Api\iVertion.Infra.Data\Identity\GoogleTokenResponse.cs", "C#", 0, 0, 12, 0, 0, 0, 0, 0, 0, 0, 0, 0, 0, 1, 13
"c:\Projetos\weather-tracking\Api\iVertion.Infra.Data\Identity\GoogleUserInfo.cs", "C#", 0, 0, 14, 0, 0, 0, 0, 0, 0, 0, 0, 0, 0, 0, 14
"c:\Projetos\weather-tracking\Api\iVertion.Infra.Data\Identity\RoleService.cs", "C#", 0, 0, 26, 0, 0, 0, 0, 0, 0, 0, 0, 0, 0, 3, 29
"c:\Projetos\weather-tracking\Api\iVertion.Infra.Data\Identity\SeedUserRoleInitial.cs", "C#", 0, 0, 122, 0, 0, 0, 0, 0, 0, 0, 0, 0, 0, 9, 131
"c:\Projetos\weather-tracking\Api\iVertion.Infra.Data\Identity\UserService.cs", "C#", 0, 0, 96, 0, 0, 0, 0, 0, 0, 0, 0, 0, 0, 21, 117
"c:\Projetos\weather-tracking\Api\iVertion.Infra.Data\Repositories\AdditionalUserRoleRepository.cs", "C#", 0, 0, 34, 0, 0, 0, 0, 0, 0, 0, 0, 0, 1, 7, 42
"c:\Projetos\weather-tracking\Api\iVertion.Infra.Data\Repositories\AddressRepository.cs", "C#", 0, 0, 37, 0, 0, 0, 0, 0, 0, 0, 0, 0, 0, 6, 43
"c:\Projetos\weather-tracking\Api\iVertion.Infra.Data\Repositories\CityRepository.cs", "C#", 0, 0, 34, 0, 0, 0, 0, 0, 0, 0, 0, 0, 0, 4, 38
"c:\Projetos\weather-tracking\Api\iVertion.Infra.Data\Repositories\CountryRepository.cs", "C#", 0, 0, 37, 0, 0, 0, 0, 0, 0, 0, 0, 0, 0, 4, 41
"c:\Projetos\weather-tracking\Api\iVertion.Infra.Data\Repositories\DeviceRepository.cs", "C#", 0, 0, 36, 0, 0, 0, 0, 0, 0, 0, 0, 0, 0, 6, 42
"c:\Projetos\weather-tracking\Api\iVertion.Infra.Data\Repositories\PagedBaseResponseHelper.cs", "C#", 0, 0, 45, 0, 0, 0, 0, 0, 0, 0, 0, 0, 0, 2, 47
"c:\Projetos\weather-tracking\Api\iVertion.Infra.Data\Repositories\PaymentMethodRepository.cs", "C#", 0, 0, 10, 0, 0, 0, 0, 0, 0, 0, 0, 0, 0, 2, 12
"c:\Projetos\weather-tracking\Api\iVertion.Infra.Data\Repositories\PersonAddressRepository.cs", "C#", 0, 0, 34, 0, 0, 0, 0, 0, 0, 0, 0, 0, 0, 5, 39
"c:\Projetos\weather-tracking\Api\iVertion.Infra.Data\Repositories\PersonRepository.cs", "C#", 0, 0, 36, 0, 0, 0, 0, 0, 0, 0, 0, 0, 0, 6, 42
"c:\Projetos\weather-tracking\Api\iVertion.Infra.Data\Repositories\Repository.cs", "C#", 0, 0, 32, 0, 0, 0, 0, 0, 0, 0, 0, 0, 0, 3, 35
"c:\Projetos\weather-tracking\Api\iVertion.Infra.Data\Repositories\RoleProfileRepository.cs", "C#", 0, 0, 34, 0, 0, 0, 0, 0, 0, 0, 0, 0, 1, 5, 40
"c:\Projetos\weather-tracking\Api\iVertion.Infra.Data\Repositories\StateRepository.cs", "C#", 0, 0, 40, 0, 0, 0, 0, 0, 0, 0, 0, 0, 0, 5, 45
"c:\Projetos\weather-tracking\Api\iVertion.Infra.Data\Repositories\TemporaryUserRoleRepository.cs", "C#", 0, 0, 38, 0, 0, 0, 0, 0, 0, 0, 0, 0, 2, 11, 51
"c:\Projetos\weather-tracking\Api\iVertion.Infra.Data\Repositories\UserProfileRepository.cs", "C#", 0, 0, 34, 0, 0, 0, 0, 0, 0, 0, 0, 0, 1, 7, 42
"c:\Projetos\weather-tracking\Api\iVertion.Infra.Data\Repositories\WeatherAlertRepository.cs", "C#", 0, 0, 54, 0, 0, 0, 0, 0, 0, 0, 0, 0, 0, 5, 59
"c:\Projetos\weather-tracking\Api\iVertion.Infra.Data\Repositories\WeatherConditionRepository.cs", "C#", 0, 0, 54, 0, 0, 0, 0, 0, 0, 0, 0, 0, 0, 5, 59
"c:\Projetos\weather-tracking\Api\iVertion.Infra.Data\Repositories\WeatherForecastRepository.cs", "C#", 0, 0, 54, 0, 0, 0, 0, 0, 0, 0, 0, 0, 0, 6, 60
"c:\Projetos\weather-tracking\Api\iVertion.Infra.Data\Repositories\WeatherNotificationRepository.cs", "C#", 0, 0, 74, 0, 0, 0, 0, 0, 0, 0, 0, 0, 0, 6, 80
"c:\Projetos\weather-tracking\Api\iVertion.Infra.Data\iVertion.Infra.Data.csproj", "XML", 30, 0, 0, 0, 0, 0, 0, 0, 0, 0, 0, 0, 0, 5, 35
"c:\Projetos\weather-tracking\Api\iVertion.Infra.IoC\DependencyInjectionAPI.cs", "C#", 0, 0, 75, 0, 0, 0, 0, 0, 0, 0, 0, 0, 30, 25, 130
"c:\Projetos\weather-tracking\Api\iVertion.Infra.IoC\DependencyInjectionJWT.cs", "C#", 0, 0, 37, 0, 0, 0, 0, 0, 0, 0, 0, 0, 5, 1, 43
"c:\Projetos\weather-tracking\Api\iVertion.Infra.IoC\DependencyInjectionSwagger.cs", "C#", 0, 0, 65, 0, 0, 0, 0, 0, 0, 0, 0, 0, 0, 3, 68
"c:\Projetos\weather-tracking\Api\iVertion.Infra.IoC\iVertion.Infra.IoC.csproj", "XML", 22, 0, 0, 0, 0, 0, 0, 0, 0, 0, 0, 0, 0, 4, 26
"c:\Projetos\weather-tracking\Api\iVertion.WebApi\Controllers\AccountController.cs", "C#", 0, 0, 186, 0, 0, 0, 0, 0, 0, 0, 0, 0, 13, 20, 219
"c:\Projetos\weather-tracking\Api\iVertion.WebApi\Controllers\AddressController.cs", "C#", 0, 0, 111, 0, 0, 0, 0, 0, 0, 0, 0, 0, 2, 5, 118
"c:\Projetos\weather-tracking\Api\iVertion.WebApi\Controllers\PersonController.cs", "C#", 0, 0, 90, 0, 0, 0, 0, 0, 0, 0, 0, 0, 28, 7, 125
"c:\Projetos\weather-tracking\Api\iVertion.WebApi\Controllers\TokenController.cs", "C#", 0, 0, 199, 0, 0, 0, 0, 0, 0, 0, 0, 0, 32, 15, 246
"c:\Projetos\weather-tracking\Api\iVertion.WebApi\Controllers\UserController.cs", "C#", 0, 0, 699, 0, 0, 0, 0, 0, 0, 0, 0, 0, 151, 43, 893
"c:\Projetos\weather-tracking\Api\iVertion.WebApi\Models\AdditionalUserRoleModel.cs", "C#", 0, 0, 8, 0, 0, 0, 0, 0, 0, 0, 0, 0, 9, 2, 19
"c:\Projetos\weather-tracking\Api\iVertion.WebApi\Models\EditMyUserNameMode.cs", "C#", 0, 0, 14, 0, 0, 0, 0, 0, 0, 0, 0, 0, 0, 1, 15
"c:\Projetos\weather-tracking\Api\iVertion.WebApi\Models\EditTemporaryUserRoleModel.cs", "C#", 0, 0, 9, 0, 0, 0, 0, 0, 0, 0, 0, 0, 15, 1, 25
"c:\Projetos\weather-tracking\Api\iVertion.WebApi\Models\EditUserNameModel.cs", "C#", 0, 0, 16, 0, 0, 0, 0, 0, 0, 0, 0, 0, 0, 1, 17
"c:\Projetos\weather-tracking\Api\iVertion.WebApi\Models\EditeMyUserFullNameModel.cs", "C#", 0, 0, 15, 0, 0, 0, 0, 0, 0, 0, 0, 0, 0, 1, 16
"c:\Projetos\weather-tracking\Api\iVertion.WebApi\Models\EditeUserFullNameModel.cs", "C#", 0, 0, 17, 0, 0, 0, 0, 0, 0, 0, 0, 0, 0, 1, 18
"c:\Projetos\weather-tracking\Api\iVertion.WebApi\Models\LoginModel.cs", "C#", 0, 0, 14, 0, 0, 0, 0, 0, 0, 0, 0, 0, 0, 2, 16
"c:\Projetos\weather-tracking\Api\iVertion.WebApi\Models\RegisterModel.cs", "C#", 0, 0, 23, 0, 0, 0, 0, 0, 0, 0, 0, 0, 21, 1, 45
"c:\Projetos\weather-tracking\Api\iVertion.WebApi\Models\RegisterPerson.cs", "C#", 0, 0, 15, 0, 0, 0, 0, 0, 0, 0, 0, 0, 15, 2, 32
"c:\Projetos\weather-tracking\Api\iVertion.WebApi\Models\RegisterUserProfile.cs", "C#", 0, 0, 6, 0, 0, 0, 0, 0, 0, 0, 0, 0, 0, 1, 7
"c:\Projetos\weather-tracking\Api\iVertion.WebApi\Models\RemoveTemporaryUserRoleModel.cs", "C#", 0, 0, 12, 0, 0, 0, 0, 0, 0, 0, 0, 0, 9, 2, 23
"c:\Projetos\weather-tracking\Api\iVertion.WebApi\Models\ResetMyPasswordModel.cs", "C#", 0, 0, 18, 0, 0, 0, 0, 0, 0, 0, 0, 0, 0, 2, 20
"c:\Projetos\weather-tracking\Api\iVertion.WebApi\Models\ResetPasswordModel.cs", "C#", 0, 0, 20, 0, 0, 0, 0, 0, 0, 0, 0, 0, 0, 2, 22
"c:\Projetos\weather-tracking\Api\iVertion.WebApi\Models\RoleFromUserProfileIdModel.cs", "C#", 0, 0, 8, 0, 0, 0, 0, 0, 0, 0, 0, 0, 0, 0, 8
"c:\Projetos\weather-tracking\Api\iVertion.WebApi\Models\RoleModel.cs", "C#", 0, 0, 17, 0, 0, 0, 0, 0, 0, 0, 0, 0, 0, 2, 19
"c:\Projetos\weather-tracking\Api\iVertion.WebApi\Models\RoleProfileModel.cs", "C#", 0, 0, 7, 0, 0, 0, 0, 0, 0, 0, 0, 0, 0, 0, 7
"c:\Projetos\weather-tracking\Api\iVertion.WebApi\Models\TemporaryUserRoleModel.cs", "C#", 0, 0, 10, 0, 0, 0, 0, 0, 0, 0, 0, 0, 17, 2, 29
"c:\Projetos\weather-tracking\Api\iVertion.WebApi\Models\UserProfileModel.cs", "C#", 0, 0, 9, 0, 0, 0, 0, 0, 0, 0, 0, 0, 0, 0, 9
"c:\Projetos\weather-tracking\Api\iVertion.WebApi\Models\UserToken.cs", "C#", 0, 0, 9, 0, 0, 0, 0, 0, 0, 0, 0, 0, 0, 1, 10
"c:\Projetos\weather-tracking\Api\iVertion.WebApi\Program.cs", "C#", 0, 0, 18, 0, 0, 0, 0, 0, 0, 0, 0, 0, 0, 2, 20
"c:\Projetos\weather-tracking\Api\iVertion.WebApi\Properties\launchSettings.json", "JSON", 0, 31, 0, 0, 0, 0, 0, 0, 0, 0, 0, 0, 0, 1, 32
"c:\Projetos\weather-tracking\Api\iVertion.WebApi\Startup.cs", "C#", 0, 0, 62, 0, 0, 0, 0, 0, 0, 0, 0, 0, 9, 11, 82
"c:\Projetos\weather-tracking\Api\iVertion.WebApi\iVertion.WebApi.csproj", "XML", 27, 0, 0, 0, 0, 0, 0, 0, 0, 0, 0, 0, 0, 4, 31
"c:\Projetos\weather-tracking\Api\iVertion.WebApi\iVertion.WebApi.xml", "XML", 419, 0, 0, 0, 0, 0, 0, 0, 0, 0, 0, 0, 0, 10, 429
"c:\Projetos\weather-tracking\Api\iVertion.postman_collection.json", "JSON", 0, 656, 0, 0, 0, 0, 0, 0, 0, 0, 0, 0, 0, 0, 656
"c:\Projetos\weather-tracking\App\weather_tracking_app\README.md", "Markdown", 0, 0, 0, 0, 0, 0, 0, 0, 0, 0, 10, 0, 0, 7, 17
"c:\Projetos\weather-tracking\App\weather_tracking_app\analysis_options.yaml", "YAML", 0, 0, 0, 0, 3, 0, 0, 0, 0, 0, 0, 0, 22, 4, 29
"c:\Projetos\weather-tracking\App\weather_tracking_app\android\app\build.gradle", "Gradle", 0, 0, 0, 0, 0, 0, 32, 0, 0, 0, 0, 0, 6, 7, 45
"c:\Projetos\weather-tracking\App\weather_tracking_app\android\app\src\debug\AndroidManifest.xml", "XML", 3, 0, 0, 0, 0, 0, 0, 0, 0, 0, 0, 0, 4, 1, 8
"c:\Projetos\weather-tracking\App\weather_tracking_app\android\app\src\main\AndroidManifest.xml", "XML", 41, 0, 0, 0, 0, 0, 0, 0, 0, 0, 0, 0, 11, 3, 55
"c:\Projetos\weather-tracking\App\weather_tracking_app\android\app\src\main\res\drawable-v21\launch_background.xml", "XML", 4, 0, 0, 0, 0, 0, 0, 0, 0, 0, 0, 0, 7, 2, 13
"c:\Projetos\weather-tracking\App\weather_tracking_app\android\app\src\main\res\drawable\launch_background.xml", "XML", 4, 0, 0, 0, 0, 0, 0, 0, 0, 0, 0, 0, 7, 2, 13
"c:\Projetos\weather-tracking\App\weather_tracking_app\android\app\src\main\res\values-night\styles.xml", "XML", 9, 0, 0, 0, 0, 0, 0, 0, 0, 0, 0, 0, 9, 1, 19
"c:\Projetos\weather-tracking\App\weather_tracking_app\android\app\src\main\res\values\styles.xml", "XML", 9, 0, 0, 0, 0, 0, 0, 0, 0, 0, 0, 0, 9, 1, 19
"c:\Projetos\weather-tracking\App\weather_tracking_app\android\app\src\profile\AndroidManifest.xml", "XML", 3, 0, 0, 0, 0, 0, 0, 0, 0, 0, 0, 0, 4, 1, 8
"c:\Projetos\weather-tracking\App\weather_tracking_app\android\build.gradle", "Gradle", 0, 0, 0, 0, 0, 0, 16, 0, 0, 0, 0, 0, 0, 3, 19
"c:\Projetos\weather-tracking\App\weather_tracking_app\android\gradle.properties", "Properties", 0, 0, 0, 0, 0, 3, 0, 0, 0, 0, 0, 0, 0, 1, 4
"c:\Projetos\weather-tracking\App\weather_tracking_app\android\gradle\wrapper\gradle-wrapper.properties", "Properties", 0, 0, 0, 0, 0, 5, 0, 0, 0, 0, 0, 0, 0, 1, 6
"c:\Projetos\weather-tracking\App\weather_tracking_app\android\settings.gradle", "Gradle", 0, 0, 0, 0, 0, 0, 21, 0, 0, 0, 0, 0, 0, 5, 26
"c:\Projetos\weather-tracking\App\weather_tracking_app\assets\dark_map_style.json", "JSON", 0, 186, 0, 0, 0, 0, 0, 0, 0, 0, 0, 0, 0, 1, 187
"c:\Projetos\weather-tracking\App\weather_tracking_app\assets\light_map_style.json", "JSON", 0, 186, 0, 0, 0, 0, 0, 0, 0, 0, 0, 0, 0, 1, 187
"c:\Projetos\weather-tracking\App\weather_tracking_app\devtools_options.yaml", "YAML", 0, 0, 0, 0, 3, 0, 0, 0, 0, 0, 0, 0, 0, 1, 4
"c:\Projetos\weather-tracking\App\weather_tracking_app\ios\RunnerTests\RunnerTests.swift", "Swift", 0, 0, 0, 7, 0, 0, 0, 0, 0, 0, 0, 0, 2, 4, 13
"c:\Projetos\weather-tracking\App\weather_tracking_app\ios\Runner\AppDelegate.swift", "Swift", 0, 0, 0, 12, 0, 0, 0, 0, 0, 0, 0, 0, 0, 2, 14
"c:\Projetos\weather-tracking\App\weather_tracking_app\ios\Runner\Assets.xcassets\AppIcon.appiconset\Contents.json", "JSON", 0, 122, 0, 0, 0, 0, 0, 0, 0, 0, 0, 0, 0, 1, 123
"c:\Projetos\weather-tracking\App\weather_tracking_app\ios\Runner\Assets.xcassets\LaunchImage.imageset\Contents.json", "JSON", 0, 23, 0, 0, 0, 0, 0, 0, 0, 0, 0, 0, 0, 1, 24
"c:\Projetos\weather-tracking\App\weather_tracking_app\ios\Runner\Assets.xcassets\LaunchImage.imageset\README.md", "Markdown", 0, 0, 0, 0, 0, 0, 0, 0, 0, 0, 3, 0, 0, 2, 5
"c:\Projetos\weather-tracking\App\weather_tracking_app\ios\Runner\Base.lproj\LaunchScreen.storyboard", "XML", 36, 0, 0, 0, 0, 0, 0, 0, 0, 0, 0, 0, 1, 1, 38
"c:\Projetos\weather-tracking\App\weather_tracking_app\ios\Runner\Base.lproj\Main.storyboard", "XML", 25, 0, 0, 0, 0, 0, 0, 0, 0, 0, 0, 0, 1, 1, 27
"c:\Projetos\weather-tracking\App\weather_tracking_app\ios\Runner\Runner-Bridging-Header.h", "C++", 0, 0, 0, 0, 0, 0, 0, 1, 0, 0, 0, 0, 0, 1, 2
"c:\Projetos\weather-tracking\App\weather_tracking_app\lib\app_module.dart", "Dart", 0, 0, 0, 0, 0, 0, 0, 0, 0, 25, 0, 0, 2, 4, 31
"c:\Projetos\weather-tracking\App\weather_tracking_app\lib\main.dart", "Dart", 0, 0, 0, 0, 0, 0, 0, 0, 0, 18, 0, 0, 0, 4, 22
"c:\Projetos\weather-tracking\App\weather_tracking_app\lib\models\person_model.dart", "Dart", 0, 0, 0, 0, 0, 0, 0, 0, 0, 28, 0, 0, 0, 4, 32
"c:\Projetos\weather-tracking\App\weather_tracking_app\lib\models\user_model.dart", "Dart", 0, 0, 0, 0, 0, 0, 0, 0, 0, 44, 0, 0, 0, 3, 47
"c:\Projetos\weather-tracking\App\weather_tracking_app\lib\models\weather_model.dart", "Dart", 0, 0, 0, 0, 0, 0, 0, 0, 0, 53, 0, 0, 0, 3, 56
"c:\Projetos\weather-tracking\App\weather_tracking_app\lib\services\auth_service.dart", "Dart", 0, 0, 0, 0, 0, 0, 0, 0, 0, 17, 0, 0, 0, 5, 22
"c:\Projetos\weather-tracking\App\weather_tracking_app\lib\services\location_service.dart", "Dart", 0, 0, 0, 0, 0, 0, 0, 0, 0, 0, 0, 0, 0, 1, 1
"c:\Projetos\weather-tracking\App\weather_tracking_app\lib\services\network_service.dart", "Dart", 0, 0, 0, 0, 0, 0, 0, 0, 0, 114, 0, 0, 5, 21, 140
"c:\Projetos\weather-tracking\App\weather_tracking_app\lib\services\weather_service.dart", "Dart", 0, 0, 0, 0, 0, 0, 0, 0, 0, 27, 0, 0, 4, 3, 34
"c:\Projetos\weather-tracking\App\weather_tracking_app\lib\viewmodels\auth_viewmodel.dart", "Dart", 0, 0, 0, 0, 0, 0, 0, 0, 0, 91, 0, 0, 6, 18, 115
"c:\Projetos\weather-tracking\App\weather_tracking_app\lib\viewmodels\person_viewmodel.dart", "Dart", 0, 0, 0, 0, 0, 0, 0, 0, 0, 58, 0, 0, 1, 7, 66
"c:\Projetos\weather-tracking\App\weather_tracking_app\lib\viewmodels\weather_viewmodel.dart", "Dart", 0, 0, 0, 0, 0, 0, 0, 0, 0, 33, 0, 0, 6, 12, 51
"c:\Projetos\weather-tracking\App\weather_tracking_app\lib\viewmodels\weather_viewmodel.g.dart", "Dart", 0, 0, 0, 0, 0, 0, 0, 0, 0, 42, 0, 0, 5, 13, 60
"c:\Projetos\weather-tracking\App\weather_tracking_app\lib\views\auth\login_page.dart", "Dart", 0, 0, 0, 0, 0, 0, 0, 0, 0, 121, 0, 0, 0, 3, 124
"c:\Projetos\weather-tracking\App\weather_tracking_app\lib\views\auth\register_page.dart", "Dart", 0, 0, 0, 0, 0, 0, 0, 0, 0, 107, 0, 0, 0, 3, 110
"c:\Projetos\weather-tracking\App\weather_tracking_app\lib\views\home\home_page.dart", "Dart", 0, 0, 0, 0, 0, 0, 0, 0, 0, 148, 0, 0, 1, 8, 157
"c:\Projetos\weather-tracking\App\weather_tracking_app\lib\views\person\register_person_page.dart", "Dart", 0, 0, 0, 0, 0, 0, 0, 0, 0, 86, 0, 0, 0, 3, 89
"c:\Projetos\weather-tracking\App\weather_tracking_app\lib\widgets\custom_text_field.dart", "Dart", 0, 0, 0, 0, 0, 0, 0, 0, 0, 35, 0, 0, 0, 4, 39
"c:\Projetos\weather-tracking\App\weather_tracking_app\lib\widgets\profile_widget.dart", "Dart", 0, 0, 0, 0, 0, 0, 0, 0, 0, 45, 0, 0, 1, 5, 51
"c:\Projetos\weather-tracking\App\weather_tracking_app\lib\widgets\weather_background.dart", "Dart", 0, 0, 0, 0, 0, 0, 0, 0, 0, 36, 0, 0, 2, 9, 47
"c:\Projetos\weather-tracking\App\weather_tracking_app\lib\widgets\weather_card_widget.dart", "Dart", 0, 0, 0, 0, 0, 0, 0, 0, 0, 40, 0, 0, 0, 4, 44
"c:\Projetos\weather-tracking\App\weather_tracking_app\lib\widgets\weather_detail_widget.dart", "Dart", 0, 0, 0, 0, 0, 0, 0, 0, 0, 21, 0, 0, 0, 4, 25
"c:\Projetos\weather-tracking\App\weather_tracking_app\lib\widgets\weather_icon_widget.dart", "Dart", 0, 0, 0, 0, 0, 0, 0, 0, 0, 23, 0, 0, 0, 6, 29
"c:\Projetos\weather-tracking\App\weather_tracking_app\linux\flutter\generated_plugin_registrant.cc", "C++", 0, 0, 0, 0, 0, 0, 0, 11, 0, 0, 0, 0, 4, 5, 20
"c:\Projetos\weather-tracking\App\weather_tracking_app\linux\flutter\generated_plugin_registrant.h", "C++", 0, 0, 0, 0, 0, 0, 0, 5, 0, 0, 0, 0, 5, 6, 16
"c:\Projetos\weather-tracking\App\weather_tracking_app\linux\main.cc", "C++", 0, 0, 0, 0, 0, 0, 0, 5, 0, 0, 0, 0, 0, 2, 7
"c:\Projetos\weather-tracking\App\weather_tracking_app\linux\my_application.cc", "C++", 0, 0, 0, 0, 0, 0, 0, 82, 0, 0, 0, 0, 17, 26, 125
"c:\Projetos\weather-tracking\App\weather_tracking_app\linux\my_application.h", "C++", 0, 0, 0, 0, 0, 0, 0, 7, 0, 0, 0, 0, 7, 5, 19
"c:\Projetos\weather-tracking\App\weather_tracking_app\macos\Flutter\GeneratedPluginRegistrant.swift", "Swift", 0, 0, 0, 18, 0, 0, 0, 0, 0, 0, 0, 0, 3, 4, 25
"c:\Projetos\weather-tracking\App\weather_tracking_app\macos\RunnerTests\RunnerTests.swift", "Swift", 0, 0, 0, 7, 0, 0, 0, 0, 0, 0, 0, 0, 2, 4, 13
"c:\Projetos\weather-tracking\App\weather_tracking_app\macos\Runner\AppDelegate.swift", "Swift", 0, 0, 0, 8, 0, 0, 0, 0, 0, 0, 0, 0, 0, 2, 10
"c:\Projetos\weather-tracking\App\weather_tracking_app\macos\Runner\Assets.xcassets\AppIcon.appiconset\Contents.json", "JSON", 0, 68, 0, 0, 0, 0, 0, 0, 0, 0, 0, 0, 0, 1, 69
"c:\Projetos\weather-tracking\App\weather_tracking_app\macos\Runner\Base.lproj\MainMenu.xib", "XML", 343, 0, 0, 0, 0, 0, 0, 0, 0, 0, 0, 0, 0, 1, 344
"c:\Projetos\weather-tracking\App\weather_tracking_app\macos\Runner\MainFlutterWindow.swift", "Swift", 0, 0, 0, 12, 0, 0, 0, 0, 0, 0, 0, 0, 0, 4, 16
"c:\Projetos\weather-tracking\App\weather_tracking_app\pubspec.yaml", "YAML", 0, 0, 0, 0, 33, 0, 0, 0, 0, 0, 0, 0, 60, 12, 105
"c:\Projetos\weather-tracking\App\weather_tracking_app\web\index.html", "HTML", 0, 0, 0, 0, 0, 0, 0, 0, 19, 0, 0, 0, 15, 5, 39
"c:\Projetos\weather-tracking\App\weather_tracking_app\web\manifest.json", "JSON", 0, 35, 0, 0, 0, 0, 0, 0, 0, 0, 0, 0, 0, 1, 36
"c:\Projetos\weather-tracking\App\weather_tracking_app\windows\flutter\generated_plugin_registrant.cc", "C++", 0, 0, 0, 0, 0, 0, 0, 18, 0, 0, 0, 0, 4, 5, 27
"c:\Projetos\weather-tracking\App\weather_tracking_app\windows\flutter\generated_plugin_registrant.h", "C++", 0, 0, 0, 0, 0, 0, 0, 5, 0, 0, 0, 0, 5, 6, 16
"c:\Projetos\weather-tracking\App\weather_tracking_app\windows\runner\flutter_window.cpp", "C++", 0, 0, 0, 0, 0, 0, 0, 49, 0, 0, 0, 0, 7, 16, 72
"c:\Projetos\weather-tracking\App\weather_tracking_app\windows\runner\flutter_window.h", "C++", 0, 0, 0, 0, 0, 0, 0, 20, 0, 0, 0, 0, 5, 9, 34
"c:\Projetos\weather-tracking\App\weather_tracking_app\windows\runner\main.cpp", "C++", 0, 0, 0, 0, 0, 0, 0, 30, 0, 0, 0, 0, 4, 10, 44
"c:\Projetos\weather-tracking\App\weather_tracking_app\windows\runner\resource.h", "C++", 0, 0, 0, 0, 0, 0, 0, 9, 0, 0, 0, 0, 6, 2, 17
"c:\Projetos\weather-tracking\App\weather_tracking_app\windows\runner\utils.cpp", "C++", 0, 0, 0, 0, 0, 0, 0, 54, 0, 0, 0, 0, 2, 10, 66
"c:\Projetos\weather-tracking\App\weather_tracking_app\windows\runner\utils.h", "C++", 0, 0, 0, 0, 0, 0, 0, 8, 0, 0, 0, 0, 6, 6, 20
"c:\Projetos\weather-tracking\App\weather_tracking_app\windows\runner\win32_window.cpp", "C++", 0, 0, 0, 0, 0, 0, 0, 210, 0, 0, 0, 0, 24, 55, 289
"c:\Projetos\weather-tracking\App\weather_tracking_app\windows\runner\win32_window.h", "C++", 0, 0, 0, 0, 0, 0, 0, 48, 0, 0, 0, 0, 31, 24, 103
"Total", "-", 1044, 1307, 6232, 64, 39, 8, 69, 562, 19, 1212, 106, 14, 720, 1220, 12616